parent,child
,root
root,projects
projects,hcil
hcil,people
people,ara
ara,index.html
people,catherine.html
hcil,research
research,1997
1997,patientrecord.html
research,projects.html
research,video96.html
hcil,VisuMillion
VisuMillion,index1.html
hcil,academics
academics,applying.shtml
academics,courses.shtml
academics,index2.html
academics,vrtp.shtml
hcil,agile2d
agile2d,index.shtml
hcil,anthro
anthro,ASSETS00-submitted.htm
anthro,Image100.gif
anthro,Image101.gif
anthro,Image99.gif
anthro,image001.jpg
anthro,index3.html
anthro,index1.shtml
anthro,photos
photos,index.htm
photos,index4.html
photos,index_files
index_files,filelist.xml
hcil,banner-images
banner-images,banner-btn-about-cur.gif
banner-images,banner-btn-about.gif
banner-images,banner-btn-acad-cur.gif
banner-images,banner-btn-acad.gif
banner-images,banner-btn-contact-cur.gif
banner-images,banner-btn-contact.gif
banner-images,banner-btn-home-cur.gif
banner-images,banner-btn-home.gif
banner-images,banner-btn-members-cur.gif
banner-images,banner-btn-members.gif
banner-images,banner-btn-part-cur.gif
banner-images,banner-btn-part.gif
banner-images,banner-btn-pub-cur.gif
banner-images,banner-btn-pub.gif
banner-images,banner-btn-research-cur.gif
banner-images,banner-btn-research.gif
banner-images,banner-hcil-left.gif
banner-images,banner-hcil-right.gif
banner-images,banner-logo-large.gif
banner-images,banner-logo.gif
banner-images,banner-title.gif
hcil,contact
contact,PBvisparklot.jpg
contact,avw00.jpg
contact,courtyard_marriott.shtml
contact,cyard.jpg
contact,greenbelt_marriott.shtml
contact,hotels.shtml
contact,index5.html
contact,innconfctr.shtml
contact,logo_quality.gif
contact,mailingaddress.shtml
contact,mailinglists.shtml
contact,parking.shtml
contact,quality_inn.shtml
contact,travel_directions.shtml
contact,travel_to_hcil.shtml
contact,wasgbl01.gif
contact,wasuml01.gif
hcil,counterpoint
counterpoint,counterpoint1.jpg
counterpoint,counterpoint1m.jpg
counterpoint,counterpoint1s.jpg
counterpoint,counterpoint2.jpg
counterpoint,counterpoint2s.jpg
counterpoint,counterpoint3.jpg
counterpoint,counterpoint3s.jpg
counterpoint,download
download,counterpoint-1.2.3-setup.zip
download,index6.html
download,download-tutorial
download-tutorial,cp.gif
download-tutorial,tutorial.html
counterpoint,index7.html
counterpoint,licensing.shtml
hcil,datelens
datelens,UIST2002-fishcal.mpg
datelens,computer-sweden.shtml
datelens,datelens.png
datelens,datalens-images
datalens-images,datelens-bigview.png
datalens-images,datelens-focus1.png
datalens-images,datelens-focus2.png
datalens-images,datelens-home.png
datalens-images,datelens-maximized.png
datalens-images,datelens-mondrian1.png
datalens-images,datelens-mondrian2.png
datalens-images,datelens-mondrian3.png
datalens-images,datelens-monthview.png
datalens-images,datelens-search1.png
datalens-images,datelens-search2.png
datelens,index8.html
datelens,screenshots.shtml
hcil,elastic-windows
elastic-windows,chi97.gif
elastic-windows,index9.html
elastic-windows,index2.shtml
elastic-windows,scenario.html
elastic-windows,script.html
hcil,electronic-classroom
electronic-classroom,electronic_classrooms.shtml
electronic-classroom,index10.html
hcil,eosdis
eosdis,Binary3-99icon.jpg
eosdis,banner-btn-about1.gif
eosdis,banner-btn-acad1.gif
eosdis,banner-btn-contact1.gif
eosdis,banner-btn-home1.gif
eosdis,banner-btn-members1.gif
eosdis,banner-btn-part1.gif
eosdis,banner-btn-pub1.gif
eosdis,banner-btn-research-cur1.gif
eosdis,banner-hcil-left1.gif
eosdis,banner-hcil-right1.gif
eosdis,banner-logo1.gif
eosdis,gcmd
gcmd,preview2.html
gcmd,preview3.html
eosdis,gcmd1icon.jpg
eosdis,gcmd2
gcmd2,preview31.html
eosdis,gcmd3icon.jpg
eosdis,geometryofbrowsing.html
eosdis,index11.html
eosdis,iq162icon.JPG
eosdis,javaprototype.html
eosdis,oldbinary
oldbinary,monthgeo
monthgeo,BP.html
eosdis,pyramid
pyramid,test2.html
pyramid,test3.html
eosdis,qpshot1.jpg
eosdis,qpshot2.jpg
eosdis,qpshot3.jpg
eosdis,qpshot4.jpg
eosdis,qpshot5.jpg
eosdis,esodis-screens
esodis-screens,preview
preview,Binary3-99.gif
preview,gcmd1.gif
preview,gcmd3.gif
esodis-screens,screens.html
hcil,excentric
excentric,ELregister.html
excentric,dist
dist,bin
bin,Eval.html
bin,Test7.class
bin,Test8.class
bin,carto.gif
bin,marks.html
bin,test7.html
excentric,image106.gif
excentric,index12.html
excentric,index3.shtml
excentric,licensing1.shtml
hcil,fisheyemenu
fisheyemenu,FEMregister.shtml
fisheyemenu,fisheyemenu-demo.shtml
fisheyemenu,fisheyemenu.gif
fisheyemenu,index13.html
fisheyemenu,index4.shtml
fisheyemenu,licensing2.shtml
hcil,gui-evaluation
gui-evaluation,index14.html
hcil,highway
highway,demofiles
demofiles,TimeSpaceZip.exe
demofiles,demo2.exe
demofiles,demo4.exe
demofiles,demo6.exe
highway,index15.html
highway,mapdemo
mapdemo,map.html
highway,online.doc
highway,review
review,index16.html
highway,highway-screens
highway-screens,chartroom.jpg
highway-screens,chartroomicon.jpg
highway-screens,simple3-99.GIF
highway-screens,simple3-99icon.JPG
hcil,historian
historian,genex1-small.gif
historian,genex1.gif
historian,image68.gif
historian,image72.gif
historian,index17.html
historian,mockups
mockups,img001.jpg
mockups,next.gif
mockups,prev.gif
mockups,sld001.shtml
mockups,sld002.shtml
hcil,hypercourseware
hypercourseware,index18.html
hcil,hyperties
hyperties,ecs_intro.gif
hyperties,ecs_intro_scaled.gif
hyperties,hat_welcome.gif
hyperties,hat_welcome_scaled.gif
hyperties,hho_bush.gif
hyperties,hho_bush_scaled.gif
hyperties,hho_extra.gif
hyperties,hho_extra_scaled.gif
hyperties,hho_intro.gif
hyperties,hho_intro_scaled.gif
hyperties,hho_title.gif
hyperties,hho_title_scaled.gif
hyperties,hp4_main.gif
hyperties,hp4_main_scaled.gif
hyperties,hp4_pr_display.gif
hyperties,hp4_pr_display_scaled.gif
hyperties,hp_map.gif
hyperties,hp_map_scaled.gif
hyperties,index19.html
hyperties,index5.shtml
hcil,hcil-images
hcil-images,UMIACS_LOGO.jpg
hcil-images,bullet.gif
hcil-images,hcil-logo-large.gif
hcil-images,hcil-logo-small.gif
hcil-images,hcil-logo.gif
hcil-images,label-highlight.gif
hcil-images,label-projects.gif
hcil-images,pdf-logo.gif
hcil-images,ps-logo.gif
hcil-images,search-button.jpg
hcil-images,uis-small.gif
hcil-images,umd-globe-logo.gif
hcil-images,umd-logo.gif
hcil,index20.html
hcil,interliving
interliving,HCILwebsite
HCILwebsite,messageboardattheendofworkshop-thumb.jpg
HCILwebsite,messageboardattheendofworkshop.gif
HCILwebsite,molly-bluegp.gif
interliving,chi02
chi02,abstract.htm
chi02,crabtree.htm
chi02,gaver.pdf
chi02,hutchinson.htm
chi02,index21.html
chi02,mackay.htm
chi02,mainwaring.htm
chi02,matthews.pdf
chi02,miller.pdf
chi02,nagel.pdf
chi02,rowan.htm
chi02,strub.htm
chi02,tolmie
tolmie,tolmie.htm
chi02,tran
tran,tran.htm
chi02,voida.pdf
chi02,westerlund.pdf
interliving,dissapearingcomputer.jpe
interliving,index22.html
interliving,interliving-logo120.gif
hcil,kiddiglib
kiddiglib,began.html
kiddiglib,children.html
kiddiglib,index23.html
kiddiglib,kidpad-3kids.gif
kiddiglib,project.html
kiddiglib,technology.html
kiddiglib,whiteboard-kids.gif
hcil,kidpad
kidpad,kidpad-download
kidpad-download,KidPadUserGuide0.8.PDF
kidpad-download,KidPad-1.0-setup.exe
kidpad-download,KidPad_1.0_User_Guide.pdf
kidpad-download,Kidpad-0.9.zip
kidpad-download,index24.html
kidpad-download,kidpad-0.8-setup.exe
kidpad-download,kidpad-user-guide-0.8.htm
kidpad-download,kidpad-user-guide-0.9.pdf
kidpad,index25.html
hcil,hcil-lifelines
hcil-lifelines,CPRwork
CPRwork,samples.htm
hcil-lifelines,amia-lificon.jpg
hcil-lifelines,dandemo
dandemo,apr98
apr98,bean.html
dandemo,august
august,frame.html
dandemo,november
november,frame1.html
hcil-lifelines,dbandpanels.shtml
hcil-lifelines,index26.html
hcil-lifelines,latestdemo
latestdemo,chi.html
latestdemo,kaiser.html
hcil-lifelines,medprints.shtml
hcil-lifelines,parthademo
parthademo,lifenotes3.html
hcil-lifelines,screenjan98.jpg
hcil-lifelines,screenjan98icon.jpg
hcil-lifelines,yidemo
yidemo,unix
unix,record.html
hcil,members
members,aclamage2.jpg
members,adruin
adruin,adruin-small.gif
members,afarber
afarber,GDCC_home1.htm
afarber,GDCC_home2.htm
afarber,GDCC_home3.htm
afarber,HCILbutton.gif
afarber,Lewisdale.jpg
afarber,MCPS.jpg
afarber,MaskStory.jpg
afarber,Nick.jpg
afarber,cyc.jpg
afarber,index27.html
afarber,muncy.jpg
afarber,netday.gif
afarber,ou_of_past.jpg
afarber,theresa
theresa,theresa.htm
members,ajain.jpg
members,akotchian
akotchian,ara2.gif
akotchian,aravenus.gif
akotchian,index28.html
akotchian,index6.shtml
akotchian,pinhead2.gif
members,bbederson
bbederson,bbederson-small.gif
members,bshneiderman
bshneiderman,ACM-Sept11-8.doc
bshneiderman,bshneiderman-photos
bshneiderman-photos,ben-casual-2001-small.jpg
bshneiderman-photos,ben-casual-2001.jpg
bshneiderman-photos,ben-casual-2001.tif
bshneiderman-photos,ben-clasp-small.gif
bshneiderman-photos,ben-clasp.tif
bshneiderman-photos,ben-formal-2000.jpg
bshneiderman-photos,ben-formal-2000big.jpg
bshneiderman-photos,ben-formal-2001-small.jpg
bshneiderman-photos,ben-formal-2001.jpg
bshneiderman-photos,ben-formal-2001.tif
bshneiderman-photos,ben-formal-large.jpg
bshneiderman-photos,ben-formal-small.jpg
bshneiderman-photos,ben-lean-small.gif
bshneiderman-photos,ben-lean.tif
bshneiderman-photos,ben-shirt-2000.jpg
bshneiderman-photos,ben-shirt-2000big.jpg
bshneiderman-photos,ben-smile-small.gif
bshneiderman-photos,ben-smile.tif
bshneiderman-photos,ben-tie-2001-small.jpg
bshneiderman-photos,ben-tie-2001.jpg
bshneiderman-photos,ben-tie-2001.tif
bshneiderman-photos,ben1-continuum-june99.jpg
bshneiderman-photos,ben1-continuum-june99.tif
bshneiderman-photos,ben2-continuum--june99.jpg
bshneiderman-photos,ben2-continuum--june99.tif
bshneiderman-photos,bike-small.jpg
bshneiderman-photos,bike.jpg
bshneiderman-photos,floor-small.jpg
bshneiderman-photos,floor.jpg
bshneiderman-photos,inter2-large.jpg
bshneiderman-photos,inter2-small.jpg
bshneiderman-photos,internet2-large.jpg
bshneiderman-photos,internet2-small.jpg
bshneiderman-photos,leonard-small.jpg
bshneiderman-photos,leonardo.jpg
bshneiderman-photos,model-small.jpg
bshneiderman-photos,pictures.html
bshneiderman-photos,shneiderman-hendler-debate.jpg
bshneiderman-photos,shneiderman-hendler-debate2.jpg
bshneiderman-photos,shneiderman-hendler-debate2_small.jpg
bshneiderman-photos,shneiderman-hendler-debate_small.jpg
bshneiderman-photos,shneiderman.jpg
bshneiderman-photos,shneiderman.tif
bshneiderman-photos,ski-small.jpg
bshneiderman-photos,ski.jpg
bshneiderman-photos,thinker-small.jpg
bshneiderman-photos,transition1-small.jpg
bshneiderman-photos,transition1.jpg
bshneiderman-photos,transition2-small.jpg
bshneiderman-photos,transition2.jpg
bshneiderman-photos,usability-small.jpg
bshneiderman-photos,usability.jpg
bshneiderman,bshneiderman-small.gif
bshneiderman,cv2002_BenShneiderman.htm
bshneiderman,cv2002_BenShneiderman_files
cv2002_BenShneiderman_files,filelist1.xml
bshneiderman,ijhcs
ijhcs,american-small.gif
ijhcs,american.gif
ijhcs,ara-small.gif
ijhcs,ara.gif
ijhcs,chim-small.gif
ijhcs,chim.gif
ijhcs,frame2.html
ijhcs,ijhcs.html
ijhcs,loc-small.gif
ijhcs,loc.gif
ijhcs,main.html
ijhcs,nytimes-small.gif
ijhcs,nytimes.gif
ijhcs,perseus-small.gif
ijhcs,perseus.gif
ijhcs,qp2-small.gif
ijhcs,qp2.gif
ijhcs,restaurant-finder.gif
ijhcs,restaurant-small.gif
ijhcs,sitemap-small.gif
ijhcs,sitemap.gif
ijhcs,test-small.gif
ijhcs,test.gif
ijhcs,yahoo-small.gif
ijhcs,yahoo.gif
bshneiderman,ivwp.html
bshneiderman,umlpapers
umlpapers,DUI1.html
umlpapers,DUI1thumb.jpg
umlpapers,DUI2.html
umlpapers,DUI2thumb.jpg
umlpapers,about.html
umlpapers,articles.html
umlpapers,ben2.jpg
umlpapers,books.html
umlpapers,booksbar.gif
umlpapers,bullet1.gif
umlpapers,buttombar.gif
umlpapers,career.html
umlpapers,careerbar.gif
umlpapers,dtui.jpg
umlpapers,hho.gif
umlpapers,index29.html
umlpapers,inthepressbar.gif
umlpapers,lecturehead.html
umlpapers,lectures.html
umlpapers,lecturesbody.html
umlpapers,mainlogo.gif
umlpapers,papercontent.html
umlpapers,papermenu.html
umlpapers,photos.html
umlpapers,photosbar.gif
umlpapers,press.html
umlpapers,primarysm.gif
umlpapers,psy.html
umlpapers,psythumb.jpg
umlpapers,publications.html
umlpapers,publicationsbar.gif
umlpapers,reflection.gif
umlpapers,reflections.html
umlpapers,resume.html
umlpapers,resume1.html
umlpapers,resumemenu.html
umlpapers,riivuvtt.jpg
umlpapers,sitemap.html
umlpapers,sitemapbar.gif
umlpapers,soiihci.gif
umlpapers,topbar.gif
umlpapers,uml.html
umlpapers,umlbody.html
umlpapers,umlhead.html
umlpapers,videos.html
umlpapers,videosbar.gif
members,collaborators.shtml
members,cplaisant
cplaisant,cplaisant-small.gif
cplaisant,cplaisant.gif
cplaisant,french-flag.gif
cplaisant,index30.html
cplaisant,paperbk.gif
cplaisant,resume.htm
cplaisant,yellowball.gif
members,dnation
dnation,daveimg1.jpg
dnation,index31.html
dnation,yellowball1.gif
members,doard
doard,doard-small.gif
members,fac-staff-admin.shtml
members,farber
farber,farber-small2.jpg
members,fekete
fekete,aarhus.ppt
fekete,fekete.gif
fekete,index32.html
fekete,infovis-clis.ppt
fekete,publications1.html
members,fguimbretiere3.jpg
members,gchipman
gchipman,gchipman-small.gif
members,grevelle
grevelle,grevelle-small.gif
members,grubloff
grubloff,rubloff.jpg
members,hbrowne
hbrowne,hbrowne-small.jpg
members,hhochheiser
hhochheiser,hhochheiser-small.gif
members,hkang
hkang,hkang-small.gif
members,iceaparu
iceaparu,irina-small.jpg
members,index33.html
members,jesse
jesse,jesse2.jpg
members,jessica
jessica,jessica-small.gif
members,jhendler
jhendler,hendler.gif
members,jmonte
jmonte,jmonte-small.jpg
members,jpablo
jpablo,jpablo-small.gif
members,jseo
jseo,jinwook-small.jpg
members,knorman
knorman,knorman-small.gif
members,lgood
lgood,lgood-small.gif
members,lslaughter
lslaughter,lslaughter-small.gif
members,mteittinen
mteittinen,index34.html
mteittinen,mteittinen.gif
members,mvenkatraman
mvenkatraman,index35.html
mvenkatraman,main_fin.html
members,ndang4.jpg
members,not-avail.gif
members,past-members.shtml
members,rpotter
rpotter,index36.html
members,rsalter
rsalter,index37.html
rsalter,rsalter-large3.gif
members,sbw
sbw,sbw-small.gif
members,sgreene
sgreene,index38.html
members,sliao2.jpg
members,students.shtml
members,tcronnell
tcronnell,chim-icon.jpg
tcronnell,index39.html
tcronnell,loc-cool-icon.jpg
tcronnell,logo89.gif
tcronnell,me.jpg
tcronnell,res-89.gif
members,wmk
wmk,wmk-small.jpg
members,ytakayama
ytakayama,yoshi.jpg
hcil,menu-selection
menu-selection,index40.html
hcil,mid
mid,download.shtml
mid,index41.html
mid,mid-0.4-compiled.zip
mid,mid-0.4.zip
mid,readme
hcil,millionvis
millionvis,Treemap_Visualization_of_the_Linux_Kernel_2_5_33.html
millionvis,census2k-small.gif
millionvis,census2k.gif
millionvis,flip.gif
millionvis,flip1.jpg
millionvis,flip2.jpg
millionvis,index42.html
millionvis,kernel-2.5.33-arch.png
millionvis,kernel-2.5.33-drivers.png
millionvis,kernel-2.5.33-fs.png
millionvis,kernel-2.5.33-include.png
millionvis,kernel-2.5.33-net.png
millionvis,kernel-2.5.33.png
millionvis,kernel-2.5.33.small.gif
millionvis,kernel-2.5.33log.png
millionvis,label1-small.jpg
millionvis,label1.gif
millionvis,label2-small.jpg
millionvis,label2.gif
millionvis,million-scatterplot-small2.jpg
millionvis,million-treemap-small.jpg
millionvis,million-treemap.gif
millionvis,overlap-count.jpg
millionvis,perspective-small.jpg
millionvis,perspective.jpg
millionvis,precslider.gif
millionvis,precslider.jpg
millionvis,sd2sd-small.jpg
millionvis,sd2sd-small2.jpg
millionvis,sd2sd.gif
millionvis,shaded-rectangles-small.jpg
millionvis,shaded-rectangles.jpg
millionvis,shaded-rectangles2.jpg
millionvis,sp2sp-small.jpg
millionvis,sp2sp-small2.jpg
millionvis,sp2sp.gif
millionvis,sq2sp-small.gif
millionvis,sq2sp-small2.gif
millionvis,sq2sp.gif
millionvis,sq2st-small.gif
millionvis,sq2st-small2.gif
millionvis,sq2st-small3.gif
millionvis,sq2st.gif
millionvis,transp-scatterplot-small.jpg
millionvis,transp-scatterplot.png
hcil,muiseum
muiseum,banner.htm
muiseum,front.htm
muiseum,index43.html
muiseum,menu.htm
hcil,multi-cluster
multi-cluster,HCE_Seo_Shneiderman.pdf
multi-cluster,hce2_registration_form.html
multi-cluster,hce_registration_form.html
multi-cluster,image-hce2
image-hce2,body1.jpg
image-hce2,body2.jpg
image-hce2,footer.jpg
image-hce2,header.jpg
image-hce2,user_m1.gif
image-hce2,user_m14.gif
image-hce2,user_m15.gif
image-hce2,user_m16.gif
image-hce2,user_m17.gif
image-hce2,user_m18.gif
image-hce2,user_m19.gif
image-hce2,user_m2.gif
image-hce2,user_m2.jpg
image-hce2,user_m20.gif
image-hce2,user_m21.gif
image-hce2,user_m22.gif
image-hce2,user_m23.gif
image-hce2,user_m24.gif
image-hce2,user_m26.gif
image-hce2,user_m3.gif
image-hce2,user_m3.jpg
image-hce2,user_m30.gif
image-hce2,user_m31.gif
image-hce2,user_m33.gif
image-hce2,user_m34.gif
image-hce2,user_m35.gif
image-hce2,user_m36.gif
image-hce2,user_m4.gif
image-hce2,user_m4.jpg
image-hce2,user_m5.gif
image-hce2,user_m5.jpg
image-hce2,user_m6.gif
image-hce2,user_m7.gif
image-hce2,user_m7.jpg
image-hce2,user_m8.gif
image-hce2,user_m8.jpg
image-hce2,user_m9.gif
multi-cluster,multi-cluster-images
multi-cluster-images,multi.1.gif
multi-cluster-images,multi.10.gif
multi-cluster-images,multi.11.gif
multi-cluster-images,multi.12.gif
multi-cluster-images,multi.16.jpg
multi-cluster-images,multi.17.jpg
multi-cluster-images,multi.1_small.jpg
multi-cluster-images,multi.2.gif
multi-cluster-images,multi.4.jpg
multi-cluster-images,multi.5.gif
multi-cluster-images,multi.6.gif
multi-cluster-images,multi.7.gif
multi-cluster-images,multi.8.gif
multi-cluster-images,multi.9.gif
multi-cluster-images,new3.gif
multi-cluster,index44.html
multi-cluster,large-image
large-image,c-overview.tif
large-image,colormapping1.tif
large-image,colormapping2.tif
large-image,compare.tif
large-image,coordination.tif
large-image,dendrogram.tif
large-image,detail-cutoff.tif
large-image,highlight.tif
large-image,minsimbar.tif
large-image,reduced.tif
large-image,s-overview.tif
multi-cluster,user_manual.html
multi-cluster,user_manual2.html
hcil,ndl
ndl,NDLpictures
NDLpictures,NDLamericanmemory.gif
NDLpictures,NDLcoll-browser1.gif
NDLpictures,NDLcoll-browser2.gif
NDLpictures,NDLimagebrowser.gif
ndl,index45.html
ndl,ndl-related.html
ndl,ndl_secure
ndl_secure,ndl_secure-draft11
ndl_secure-draft11,home9.html
ndl,ndldemo
ndldemo,anita
anita,new
new,invit
invit,newmain.html
anita,newmain1.html
ndldemo,columbia
columbia,frames.html
ndldemo,coolidge1
coolidge1,home1.html
ndldemo,ndldemo-draft11
ndldemo-draft11,daveloc4.html
ndldemo,movie2
movie2,slideframes.html
ndldemo,movieproto1
movieproto1,slideframes1.html
ndldemo,readme.html
ndl,ndlprints.html
hcil,network-monitoring
network-monitoring,history.shtml
network-monitoring,index46.html
hcil,newcomputing
newcomputing,Blue_SwirlB190.gif
newcomputing,Ch1-Inspiration5.doc
newcomputing,Outline-TOC.doc
newcomputing,agencies.shtml
newcomputing,awards.shtml
newcomputing,bullets_diamonds_blue_002.gif
newcomputing,college.shtml
newcomputing,corporate.shtml
newcomputing,design.shtml
newcomputing,improve.shtml
newcomputing,index47.html
newcomputing,index7.shtml
newcomputing,journalists.shtml
newcomputing,k12.shtml
newcomputing,media.shtml
newcomputing,research.shtml
newcomputing,test.shtml
newcomputing,training.shtml
hcil,oldsoh
oldsoh,oldsoh-soh
oldsoh-soh,w3-listwithabstracts.shtml
oldsoh-soh,w3.shtml
hcil,ozone
ozone,index48.html
ozone,ozone.jpg
ozone,smallozone.jpg
hcil,pad
pad,chi98
chi98,index49.html
chi98,jul.html
chi98,shneiderman-chi98.gif
chi98,shneiderman-chi98.tar.gz
chi98,shneiderman-chi98.zip
pad,documentation
documentation,index50.html
pad,download.html
pad,faq.html
pad,pad-images
pad-images,maryland-bar.gif
pad-images,pad.gif
pad,index51.html
pad,papers
papers,chi-95-spacescale
chi-95-spacescale,chi-95-spacescale.pdf
chi-95-spacescale,chi-95-spacescale.ps.gz
papers,chi-97-kidpad
chi-97-kidpad,KidPad.html
chi-97-kidpad,KidPad2.html
chi-97-kidpad,KidPad3.html
chi-97-kidpad,KidPad4.html
chi-97-kidpad,KidPad5.html
chi-97-kidpad,KidPad6.html
chi-97-kidpad,KidPad7.html
chi-97-kidpad,KidPad8.html
chi-97-kidpad,KidPad9.html
chi-97-kidpad,chi-97-kidpad-images
chi-97-kidpad-images,End_arrow_left.gif
chi-97-kidpad-images,right_arrow.gif
chi-97-kidpad,index52.html
papers,chi-98-sdg
chi-98-sdg,chi-98-sdg.pdf
chi-98-sdg,index53.html
papers,hypertext-98-padprints
hypertext-98-padprints,hypertext-98-padprints.pdf
hypertext-98-padprints,hypertext-98-padprints.ps.gz
hypertext-98-padprints,index54.html
papers,index55.html
papers,jvlc-96-pad
jvlc-96-pad,index56.html
jvlc-96-pad,jvlc-96-pad.pdf
jvlc-96-pad,jvlc-96-pad.ps.gz
papers,siggraph-93-origpad
siggraph-93-origpad,siggraph-93-origpad.pdf
siggraph-93-origpad,siggraph-93-origpad.ps.gz
pad,press
press,baltimore-sun
baltimore-sun,kidpad1.html
baltimore-sun,kidsoft.jpg
baltimore-sun,kidsoft2.jpg
press,chronicle.html
press,index57.html
press,sony-license-announcement.html
pad,sitemap
sitemap,index58.html
pad,tour
tour,index59.html
hcil,partnerships
partnerships,index60.html
partnerships,index8.shtml
partnerships,sponsors.shtml
hcil,pda
pda,TriggersIII.cpt.hqx
pda,demo.gif
pda,index61.html
pda,thesis
thesis,thesis-pda
thesis-pda,pda.html
thesis,postscript.html
hcil,perseus
perseus,index62.html
hcil,photolib
photolib,Caption-small.jpg
photolib,Caption.jpg
photolib,Florida2000
Florida2000,florida2000-images
florida2000-images,MeetCJ.JPG
Florida2000,Page1.html
Florida2000,index63.html
photolib,HCILDataDictionary.doc
photolib,Help-small.jpg
photolib,Help.jpg
photolib,PFWeb3.jpg
photolib,PFregister.html
photolib,PhotoUsersTasks.doc
photolib,SS-StoryStarter-small.jpg
photolib,SS-StoryStarter.jpg
photolib,bibliography.shtml
photolib,bibliography2.shtml
photolib,edit-small.jpg
photolib,edit.jpg
photolib,index64.html
photolib,index9.shtml
photolib,licensing3.shtml
photolib,members.shtml
photolib,p17-schneiderman.pdf
photolib,paper
paper,DirectAnnotation7.doc
paper,ICME2000-final.doc
paper,StoryStarter.doc
paper,cmsc498paper.doc
paper,eval.doc
photolib,photolib-people
photolib-people,bederson-flip.gif
photolib-people,bens-small.gif
photolib-people,cplaisant1.gif
photolib-people,hatim-small.gif
photolib-people,hillary-small.gif
photolib-people,hyunmo-small.gif
photolib-people,manav-small.gif
photolib-people,tammara-small.gif
photolib-people,ted-small.gif
photolib-people,todd-small.gif
photolib,photolibpage-20010413_files
photolibpage-20010413_files,ScreenshotDana_thumb.jpg
photolibpage-20010413_files,ScreenshotHistogram-thumb.jpg
photolibpage-20010413_files,ScreenshotScatterplot_thumb.jpg
photolibpage-20010413_files,banner-btn-about2.gif
photolibpage-20010413_files,banner-btn-acad2.gif
photolibpage-20010413_files,banner-btn-contact2.gif
photolibpage-20010413_files,banner-btn-home2.gif
photolibpage-20010413_files,banner-btn-members2.gif
photolibpage-20010413_files,banner-btn-part2.gif
photolibpage-20010413_files,banner-btn-pub2.gif
photolibpage-20010413_files,banner-btn-research-cur2.gif
photolibpage-20010413_files,banner-hcil-left2.gif
photolibpage-20010413_files,banner-hcil-right2.gif
photolibpage-20010413_files,banner-logo2.gif
photolibpage-20010413_files,sample1_thumb.jpg
photolibpage-20010413_files,sample2_thumb.jpg
photolibpage-20010413_files,sample3_thumb.jpg
photolib,snapshot
snapshot,AllisonKids.jpg
snapshot,IMG_0414medium.JPG
snapshot,IMG_0414small.JPG
snapshot,RIMG0013medium.JPG
snapshot,RIMG0013small.JPG
snapshot,RIMG0026medium.JPG
snapshot,RIMG0026small.JPG
snapshot,ScreenshotDana.jpg
snapshot,ScreenshotHistogram.jpg
snapshot,ScreenshotScatterplot.jpg
snapshot,sample1.jpg
snapshot,sample2.jpg
snapshot,sample3.jpg
photolib,testbeds.shtml
photolib,usersneeds.pdf
photolib,web
web,frame3.html
web,gifs
gifs,hcillogo.gif
web,index65.html
web,jpegs
jpegs,pflogo.jpg
photolib,webstarter.doc
hcil,photomesa
photomesa,TOG-treemaps.pdf
photomesa,photomesa-download
photomesa-download,bubblemap-circ.gif
photomesa-download,bubblemap-rect.gif
photomesa-download,bubblemap-source.zip
photomesa-download,index66.html
photomesa-download,layout-algorithms.shtml
photomesa-download,photomesa-1.2.zip
photomesa-download,photomesa-1.3.zip
photomesa-download,photomesa.jnlp
photomesa-download,quantum-treemap-source.zip
photomesa-download,quantum-treemap.gif
photomesa,hand-button.gif
photomesa,hcil-logo-small1.gif
photomesa,help.html
photomesa,index67.html
photomesa,licensing4.shtml
photomesa,photomesa-logo-small.gif
photomesa,photomesa-logo.gif
photomesa,photomesa-simple-bubblemap-small.gif
photomesa,photomesa-simple-bubblemap.gif
photomesa,photomesa-simple-small.gif
photomesa,photomesa-simple.gif
photomesa,photomesa-small.gif
photomesa,photomesa-sun.jpg
photomesa,photomesa.gif
photomesa,screenshot.gif
photomesa,select-button.gif
hcil,hcil-piccolo
hcil-piccolo,applications
applications,Salsa-thumb.jpg
applications,autobahn
autobahn,index68.html
applications,beforezooms.gif
applications,browsings.gif
applications,cosmosgame
cosmosgame,cosmosgame.jpg
applications,counterpoint1m1.jpg
applications,index69.html
applications,index10.shtml
applications,jdai
jdai,jdai.jpeg
applications,jive
jive,jive.gif
applications,kidpad1s.jpg
applications,mftv
mftv,index70.html
applications,overview.gif
applications,peerview.jpg
applications,photomesa-small1.gif
applications,salsa-community
salsa-community,LMSS-Salsa
LMSS-Salsa,LMSS-Salsa.html
applications,shrimp
shrimp,shrimp.jpeg
applications,spacetree.jpg
applications,timesearcher-small.gif
applications,viksha
viksha,viksha.jpg
applications,wordnetviewer
wordnetviewer,index71.html
hcil-piccolo,contribute
contribute,index72.html
contribute,index11.shtml
hcil-piccolo,cvs
cvs,index12.shtml
hcil-piccolo,piccolo-download
piccolo-download,index13.shtml
piccolo-download,piccolo
hcil-piccolo,changelog.txt
hcil-piccolo,PiccoloPatterns.html
hcil-piccolo,piccolo-api
piccolo-api,index73.html
hcil-piccolo,piccolo-1.0-beta2-compiled.zip
hcil-piccolo,piccolo-1.0-beta2.zip
hcil-piccolo,piccolodifference.htm
hcil-piccolo,readme.txt
hcil-piccolo,ideas
ideas,index14.shtml
hcil-piccolo,img
img,bg.jpg
img,home.gif
hcil-piccolo,index.css
hcil-piccolo,index74.html
hcil-piccolo,index.js
hcil-piccolo,index15.shtml
hcil-piccolo,jazzicon.ico
hcil-piccolo,learn
learn,doc-0.4
doc-0.4,doc0.4-changelog
doc-0.4,doc-0.4-api
doc-0.4-api,index75.html
doc-0.4,readme1
doc-0.4,doc0.4-tutorial
doc0.4-tutorial,index76.html
learn,doc-0.5
doc-0.5,doc0.5-changelog
doc-0.5,doc-0.5-api
doc-0.5-api,index77.html
doc-0.5,readme2
doc-0.5,doc0.5-tutorial
doc0.5-tutorial,index78.html
learn,doc-0.6
doc-0.6,doc0.6-changelog
doc-0.6,doc-0.6-api
doc-0.6-api,index79.html
doc-0.6,readme3
doc-0.6,doc0.6-tutorial
doc0.6-tutorial,index80.html
learn,doc-1.0
doc-1.0,doc1.0-changelog
doc-1.0,doc-1.0-api
doc-1.0-api,index81.html
doc-1.0,readme4
doc-1.0,doc1.0-tutorial
doc1.0-tutorial,index16.shtml
learn,doc-1.1
doc-1.1,ChangeLog2.txt
doc-1.1,doc-1.1-api
doc-1.1-api,allclasses-frame.html
doc-1.1-api,index82.html
doc-1.1-api,overview-frame.html
doc-1.1-api,overview-summary.html
doc-1.1,readme1.txt
doc-1.1,doc1.1-tutorial
doc1.1-tutorial,index83.html
learn,doc-1.2
doc-1.2,ChangeLog1.txt
doc-1.2,doc-1.2-api
doc-1.2-api,index84.html
doc-1.2,readme2.txt
doc-1.2,tutorial
tutorial,index85.html
learn,faq.shtml
learn,index17.shtml
learn,maillists.shtml
learn,padtour
padtour,conclusion.html
padtour,dir.html
padtour,dir2.html
padtour,html.html
padtour,html2.html
padtour,hyper.html
padtour,padtour-images
padtour-images,home1.gif
padtour-images,next1.gif
padtour-images,index18.shtml
padtour-images,lenses.html
padtour-images,lenses2.html
padtour-images,metaphor.html
padtour-images,metaphor1.html
padtour-images,outline.html
padtour-images,outline2.html
padtour-images,outline3.html
padtour-images,portals.html
padtour-images,portals2.html
padtour-images,sticky.html
padtour-images,sticky_portals.html
learn,learn-papers
learn-papers,CS-TR-3964
CS-TR-3964,CS-TR-3964.bib
CS-TR-3964,CS-TR-3964.pdf
CS-TR-3964,CS-TR-3964.ps
papers,bookchap-98-webbrowser
bookchap-98-webbrowser,index86.html
papers,chi-94-pad
chi-94-pad,chi-94-pad.pdf
chi-94-pad,chi-94-pad.ps.gz
chi-94-pad,index87.html
papers,papers-chi-95-spacescale
papers-chi-95-spacescale,chi-95-spacescale1.pdf
papers-chi-95-spacescale,chi-95-spacescale.ps1.gz
papers,papers-chi-97-kidpad
papers-chi-97-kidpad,index88.html
papers,papers-chi-98-sdg
papers-chi-98-sdg,chi-98-sdg1.pdf
papers-chi-98-sdg,index89.html
papers,papers-hypertext-98-padprints
papers-hypertext-98-padprints,hypertext-98-padprints1.pdf
papers-hypertext-98-padprints,hypertext-98-padprints1.ps.gz
papers-hypertext-98-padprints,index90.html
papers,index19.shtml
papers,papers-jvlc-96-pad
papers-jvlc-96-pad,index91.html
papers-jvlc-96-pad,jvlc-96-pad1.pdf
papers-jvlc-96-pad,jvlc-96-pad1.ps.gz
papers,papers-siggraph-93-origpad
papers-siggraph-93-origpad,siggraph-93-origpad1.pdf
papers-siggraph-93-origpad,siggraph-93-origpad1.ps.gz
papers,siggraph-97-graymatters
siggraph-97-graymatters,siggraph-97-graymatters.pdf
papers,spe-98-padimplementation
spe-98-padimplementation,spe-98-padimplementation.pdf
spe-98-padimplementation,spe-98-padimplementation.ps.gz
papers,spie-96-webbrowser
spie-96-webbrowser,spie-96-webbrowser.pdf
spie-96-webbrowser,spie-96-webbrowser.ps.gz
papers,tcl-95-pad
tcl-95-pad,tcl-95-pad.pdf
tcl-95-pad,tcl-95-pad.ps.gz
papers,uist-94-pad
uist-94-pad,uist-94-pad.pdf
uist-94-pad,uist-94-pad.ps.gz
papers,uist-96-localtools
uist-96-localtools,index92.html
uist-96-localtools,uist-96-localtools.pdf
uist-96-localtools,uist-96-localtools.ps.gz
papers,unpub-95-docvis
unpub-95-docvis,index93.html
unpub-95-docvis,unpub-95-docvis.pdf
unpub-95-docvis,unpub-95-docvis.ps.gz
papers,unpub-96-languages
unpub-96-languages,index94.html
unpub-96-languages,unpub-96-languages.pdf
unpub-96-languages,unpub-96-languages.ps.gz
hcil-piccolo,newsroom
newsroom,index20.shtml
hcil-piccolo,play
play,graphit
graphit,graphit.html
play,hinote-0.5
hinote-0.5,jazz-mid-talk.html
play,hinote-1.2
hinote-1.2,hinoteapplet.html
play,index95.html
play,swingJazz
swingJazz,swingjazz.html
piccolo,team
team,index21.shtml
hcil,privacy-policy.shtml
hcil,pubs
pubs,DemoPics
DemoPics,treeviz-logo.gif
DemoPics,treeviz-small.gif
DemoPics,treeviz.gif
DemoPics,winsurf-small.gif
DemoPics,winsurf.gif
DemoPics,winsurfer-logo.gif
pubs,NGS.shtml
pubs,UMDWLib.shtml
pubs,books
books,design-childrens-tech-small.jpg
books,design-childrens-tech.jpg
books,design-childrens-tech.shtml
books,designing-multimedia-environments-small.jpg
books,designing-multimedia-environments.jpg
books,designing-multimedia-environments.shtml
books,dtui-small.jpg
books,dtui1.jpg
books,dtui.shtml
books,hypertext-hands-on-small.gif
books,hypertext-hands-on.gif
books,hypertext-hands-on.shtml
books,index96.html
books,information-seeking-small.gif
books,information-seeking.gif
books,information-seeking.shtml
books,leonardos-laptop.jpg
books,leonardos-laptop.shtml
books,leonardos-laptop_small.jpg
books,psych-of-menus-small.gif
books,psych-of-menus.gif
books,psych-of-menus.shtml
books,readings-info-vis-small.jpg
books,readings-info-vis.jpg
books,readings-info-vis.shtml
books,sparks-of-innovation-small.gif
books,sparks-of-innovation.gif
books,sparks-of-innovation.shtml
books,sparksgraphic
sparksgraphic,chap5.1_fig1_scaled.jpg
sparksgraphic,chap5.1_fig2_scaled.jpg
sparksgraphic,chap5.1_fig3_scaled.jpg
pubs,dq-home.zip
pubs,index97.html
pubs,penplay.shtml
pubs,products.shtml
pubs,screenshots
screenshots,AlphaSlider.html
screenshots,BLACKANDWHITE.html
screenshots,BLC.html
screenshots,Census.html
screenshots,Children_Design.html
screenshots,Consist-tool.html
screenshots,DJJ.html
screenshots,DQ.html
screenshots,DQcancerstats.html
screenshots,DateLens.html
screenshots,Earthscience.html
screenshots,Elastic-Windows.html
screenshots,Excentric-Labels.html
screenshots,FilmFinder.html
screenshots,Filter-flow.html
screenshots,GRIDL.html
screenshots,Genex.html
screenshots,HCE.html
screenshots,HCIL-Gallery.html
screenshots,Hyperties.html
screenshots,ICDL.html
screenshots,JAZZ.html
screenshots,Learning-Historian.html
screenshots,Legal.html
screenshots,LifeLines.html
screenshots,MessageBoard.html
screenshots,NDL.html
screenshots,OLD.html
screenshots,PETS.html
screenshots,PenPlay.html
screenshots,PhotoFinder.html
screenshots,PhotoMesa.html
screenshots,Poster.html
screenshots,Preview-bar.html
screenshots,Pump-Hook.html
screenshots,QueryPreviews.html
screenshots,Role-manager.html
screenshots,Scheduler.html
screenshots,SimPLE.html
screenshots,Snap-Together.html
screenshots,Sparks.html
screenshots,Spotfire.html
screenshots,TimeSearcher.html
screenshots,Toggles.html
screenshots,Touchscreens.html
screenshots,Transportation.html
screenshots,Trees.html
screenshots,Visible-Human.html
screenshots,WebTOC.html
screenshots,Widget-specs.html
screenshots,heading.shtml
screenshots,index98.html
screenshots,menu.html
screenshots,old1.html
screenshots,overview.html
pubs,tech-reports.shtml
pubs,treeviz.shtml
pubs,video-reports.shtml
pubs,video2000.shtml
pubs,video2001.shtml
pubs,video2002.shtml
pubs,video91.shtml
pubs,video92.shtml
pubs,video93.shtml
pubs,video94.shtml
pubs,video95.shtml
pubs,video96.shtml
pubs,video97.shtml
pubs,video98.shtml
pubs,video99.shtml
pubs,winsurfer.shtml
hcil,qp
qp,gqp1.jpg
qp,gqp2.jpg
qp,gqp3.jpg
qp,gqp4.jpg
qp,gqp5.jpg
qp,gqp6.jpg
qp,index99.html
hcil,quis
quis,index100.html
hcil,relate_create_donate
relate_create_donate,index101.html
relate_create_donate,index22.shtml
hcil,hcil-research
hcil-research,digital-libraries.shtml
hcil-research,education.shtml
hcil-research,index102.html
hcil-research,physical.shtml
hcil-research,process.shtml
hcil-research,summaries.shtml
hcil-research,visualization.shtml
hcil,snap
snap,AppendixA.pdf
snap,AppendixB.pdf
snap,Dissertation.pdf
snap,References.pdf
snap,census-5win-small.gif
snap,census-5win.gif
snap,dirs-3win-small.gif
snap,dirs-3win.gif
snap,index103.html
snap,maillist-2win-small.gif
snap,maillist-2win.gif
snap,photolib-5win-small.gif
snap,photolib-5win.gif
snap,snap-avi00.pdf
snap,snap-eval.zip
snap,traffic-weekday_bars-small.gif
snap,traffic-weekday_bars.gif
snap,weblog-5win-1-small.gif
snap,weblog-5win-1.gif
snap,west-6win-small.gif
snap,west-6win.gif
hcil,snap-soh
snap-soh,SpaceTree.ppt
snap-soh,User-CenteredDesign.ppt
snap-soh,ben-bederson-SOH2002Intro.ppt
snap-soh,bg3.jpg
snap-soh,collage.jpg
snap-soh,dagobert-soergel.ppt
snap-soh,digital-library-interfaces.ppt
snap-soh,directbtn.jpg
snap-soh,enuf.ppt
snap-soh,evan-golub.ppt
snap-soh,gary-rubloff.ppt
snap-soh,harry-hochheiser.ppt
snap-soh,hdrbot.jpg
snap-soh,hdrtop.jpg
snap-soh,hierachicalclustering.ppt
snap-soh,hilary-hutchinson.ppt
snap-soh,index104.html
snap-soh,index23.shtml
snap-soh,infoaccessintro.ppt
snap-soh,infounderintro.ppt
snap-soh,jean-daniel-fekete.ppt
snap-soh,jianqiang-wang.ppt
snap-soh,jinmook-kim.ppt
snap-soh,jpslides.ppt
snap-soh,kent-norman.ppt
snap-soh,kidstory.ppt
snap-soh,map.shtml
snap-soh,monitoringtreemaps.ppt
snap-soh,presymp.shtml
snap-soh,regist.shtml
snap-soh,registbtn.jpg
snap-soh,spacer.gif
snap-soh,sympbutn.jpg
snap-soh,w2
w2,hourcade.shtml
snap-soh,workshopbtn.jpg
snap-soh,youngchildren.ppt
hcil,spacetree
spacetree,index105.html
spacetree,index24.shtml
spacetree,license.shtml
spacetree,orgchart.avi
spacetree,orgchart4.gif
spacetree,orgchart4small.jpg
spacetree,planaria.avi
spacetree,register.shtml
spacetree,spacetreesmall.jpg
hcil,spotfire
spotfire,DQ-dcmap-blk-bkgd_scaled.gif
spotfire,DQ-elements_scaled.gif
spotfire,SAPpharm_scaled.GIF
spotfire,SAPpharmapic.GIF
spotfire,dotfire.gif
spotfire,dotfire_scaled.gif
spotfire,film-michele_scaled.gif
spotfire,index106.html
spotfire,index25.shtml
spotfire,woodsign.jpg
spotfire,woodsign_huge.JPG
hcil,timesearcher
timesearcher,docs
docs,fileformat.html
docs,graphics
graphics,any-after.gif
graphics,any-before.gif
graphics,averagequery.gif
graphics,averages.gif
graphics,averagetoolbar.gif
graphics,dragdrop.gif
graphics,flip-after.gif
graphics,flip-before.gif
graphics,flip3.gif
graphics,fullscreen.gif
graphics,graphoverview.gif
graphics,grid.gif
graphics,leaderwindows.gif
graphics,multiquery-selected.gif
graphics,multiquery.gif
graphics,popup.gif
graphics,rangesliders.gif
graphics,switch.gif
graphics,toolbarcloseup.gif
docs,index107.html
timesearcher,envelope.gif
timesearcher,fullscreen1.gif
timesearcher,fullscreenicon.gif
timesearcher,graphenv.gif
timesearcher,index108.html
timesearcher,ts_registration.shtml
hcil,touchscreens
touchscreens,chap4.3_fig1.gif
touchscreens,chap4.3_fig1_scaled.gif
touchscreens,chap4.3_fig4.gif
touchscreens,chap4.3_fig4_scaled.gif
touchscreens,chap4.3_fig5.jpg
touchscreens,chap4.3_fig5_scaled.jpg
touchscreens,chap4.5_fig1.gif
touchscreens,chap4.5_fig1_scaled.gif
touchscreens,chap4.5_fig3.gif
touchscreens,chap4.5_fig3_scaled.gif
touchscreens,chap4_fig1.gif
touchscreens,chap4_fig1_scaled.gif
touchscreens,chap5.1._fig1.jpg
touchscreens,chap5.1_fig2.jpg
touchscreens,chap5.1_fig3.jpg
touchscreens,chap5.3_fig2.gif
touchscreens,chap5.3_fig2_scaled.gif
touchscreens,index109.html
touchscreens,index26.shtml
hcil,treemap3
treemap3,Figure01.gif
treemap3,Figure02.jpg
treemap3,Figure03.gif
treemap3,Figure04.jpg
treemap3,Figure051.gif
treemap3,Figure052.gif
treemap3,Figure06.gif
treemap3,Figure07.jpg
treemap3,Figure08.gif
treemap3,Figure09.gif
treemap3,Figure10.gif
treemap3,Figure11.gif
treemap3,Figure11.jpg
treemap3,Figure13.gif
treemap3,TMDregister.html
treemap3,TreemapIntroduction.doc
treemap3,TreemapIntroduction.pdf
treemap3,Venn.gif
treemap3,VennDiagram.gif
treemap3,applet
applet,applet.html
applet,index27.shtml
applet,tm.gif
treemap3,chevrontexaco.JPG
treemap3,demo.shtml
treemap3,demo_files
demo_files,census.tm2
demo_files,csfaculty.tm3
demo_files,csfaculty.xls
demo_files,election.tm3
demo_files,election.xls
demo_files,nba.tm3
demo_files,nba.xls
demo_files,statepop.tm2
treemap3,doc
doc,1.html
doc,2.html
doc,3.html
doc,4.html
doc,5.html
doc,6.html
doc,7.html
doc,8.html
doc,index110.html
doc,logo.gif
doc,toc.html
treemap3,doc3.3
doc3.3,toc1.html
treemap3,treemap3-images
treemap3-images,bball1.gif
treemap3-images,bball2.gif
treemap3-images,census1.gif
treemap3-images,census2.gif
treemap3-images,csfaculty1.gif
treemap3-images,csfaculty2.gif
treemap3-images,election1.gif
treemap3-images,election2.gif
treemap3-images,statepop1.gif
treemap3-images,statepop2.gif
treemap3-images,tms.gif
treemap3,index111.html
treemap3,index28.shtml
treemap3,license1.shtml
treemap3,qref.shtml
treemap3,tm1.gif
treemap3,tm2.gif
treemap3,tm3-1_changes.shtml
treemap3,tm3-2_changes.shtml
treemap3,tm3.3_features.shtml
treemap3,treemap3doc.shtml
treemap3,tutorial1.html
hcil,treemaps
treemaps,Fig3_scaled.GIF
treemaps,Treemaps-Java-Algorithms.zip
treemaps,all102001.jpg
treemaps,all102001_small.jpg
treemaps,fig3.gif
treemaps,index112.html
treemaps,index29.shtml
treemaps,java_algorithms
java_algorithms,LayoutApplet.html
treemaps,marketmap_small.jpg
treemaps,million-treemap.jpg
treemaps,million-treemap_small.jpg
treemaps,photomesa1.gif
treemaps,sequoiaview.jpg
treemaps,sequoiaview_small.jpg
treemaps,tm1s.gif
treemaps,tm2s.gif
treemaps,treemap-nba.gif
treemaps,treemap-nba_scaled.gif
treemaps,treemap2000
treemap2000,acknowledgement.htm
treemap2000,contact.htm
treemap2000,datainput.htm
treemap2000,datastructure.htm
treemap2000,features.htm
treemap2000,treemap2000-images
treemap2000-images,1.jpg
treemap2000-images,10.gif
treemap2000-images,11.gif
treemap2000-images,12.gif
treemap2000-images,13.jpg
treemap2000-images,2.gif
treemap2000-images,3.jpg
treemap2000-images,5.gif
treemap2000-images,6.gif
treemap2000-images,7.gif
treemap2000-images,8.gif
treemap2000-images,9.gif
treemap2000-images,abstract.gif
treemap2000-images,banner-logo-large1.gif
treemap2000-images,bg2.jpg
treemap2000,index113.html
treemap2000,projects.htm
treemap2000,treemap.htm
treemap2000,treemap2000.htm
treemaps,treemap2001
treemap2001,index114.html
treemaps,treemap97-FileFormat.html
treemaps,treemap97.shtml
treemaps,treemap97c-small.gif
treemaps,treemap97c.gif
treemaps,treemap97c.zip
treemaps,treeviz1.gif
treemaps,treeviz_colorful.gif
treemaps,treeviz_colorful_scaled.gif
treemaps,treeviz_scaled.gif
treemaps,vb.zip
hcil,uu-policy.shtml
hcil,visible-human
visible-human,index115.html
visible-human,vhe-small.gif
visible-human,vhe.gif
visible-human,vhe.shtml
visible-human,vhp.mpg
visible-human,vhp
vhp,adl96-logo.gif
vhp,chi96
chi96,cn_txt.htm
vhp,chilogo.gif
vhp,dl96
dl96,a_vm1109-small.gif
dl96,a_vm1109.gif
dl96,vhe-small1.gif
dl96,vhe_dl96.html
vhp,dl96logo.gif
vhp,dlib_mag_small.gif
vhp,graphbrowse.ps
vhp,med-guide.gif
vhp,meshbrowse.ps.Z
vhp,thomson-logo.gif
vhp,vhe-help.html
vhp,vhp-logo.gif
vhp,vhp-thomtech.pdf
vhp,vhp96
vhp96,vhedemo.html
hcil,webtoc
webtoc,index116.html
webtoc,wthcil2.jpg
webtoc,wthcil2a.jpg
hcil,west-legal
west-legal,caseviewer
caseviewer,cv.html
west-legal,dotfire1.gif
west-legal,dotfire
dotfire,index117.html
west-legal,gridl
gridl,index118.html
west-legal,index119.html
west-legal,lifelines
lifelines,index120.html
west-legal,logo3.gif
west-legal,save.gif
west-legal,save2.gif
west-legal,stv-save-small.gif
west-legal,stv-save.gif
west-legal,west-6win1.gif
west-legal,wglogo2.gif
hcil,youth-services
youth-services,index121.html